{"cameraMode":{"drawMode":0,"name":"Shaded","section":"Shading Mode"},"sceneLighting":true,"audioPlay":false,"sceneViewState":{"showFog":true,"showMaterialUpdate":false,"showSkybox":true,"showFlares":true,"showImageEffects":true,"showParticleSystems":true},"in2DMode":false,"pivot":{"x":22.403194427490236,"y":11.661853790283204,"z":-10.681407928466797},"rotation":{"x":-0.12766090035438538,"y":-0.25093579292297366,"z":0.03330456092953682,"w":-0.9590441584587097},"size":18.95033836364746,"orthographic":false}