{"cameraMode":{"drawMode":0,"name":"Shaded","section":"Shading Mode"},"sceneLighting":true,"audioPlay":false,"sceneViewState":{"showFog":true,"showMaterialUpdate":true,"showSkybox":true,"showFlares":true,"showImageEffects":true,"showParticleSystems":true},"in2DMode":false,"pivot":{"x":30.11531639099121,"y":15.031765937805176,"z":-68.51246643066406},"rotation":{"x":-0.02035207487642765,"y":-0.9717667102813721,"z":0.2122759371995926,"w":-0.10449887812137604},"size":3.9063165187835695,"orthographic":false}