{"cameraMode":{"drawMode":0,"name":"Shaded","section":"Shading Mode"},"sceneLighting":true,"audioPlay":false,"sceneViewState":{"showFog":true,"showMaterialUpdate":true,"showSkybox":true,"showFlares":true,"showImageEffects":true,"showParticleSystems":true},"in2DMode":false,"pivot":{"x":55.07578659057617,"y":23.333740234375,"z":-69.45613098144531},"rotation":{"x":0.21068626642227174,"y":0.26730936765670779,"z":-0.059967100620269778,"w":0.938564658164978},"size":34.809120178222659,"orthographic":false}