{"cameraMode":{"drawMode":0,"name":"Shaded","section":"Shading Mode"},"sceneLighting":true,"audioPlay":false,"sceneViewState":{"showFog":false,"showMaterialUpdate":true,"showSkybox":true,"showFlares":true,"showImageEffects":true,"showParticleSystems":true},"in2DMode":false,"pivot":{"x":8.474163055419922,"y":22.717130661010743,"z":-69.80345153808594},"rotation":{"x":0.08429598808288574,"y":-0.5784673094749451,"z":0.06026746705174446,"w":0.8091011643409729},"size":56.18349838256836,"orthographic":false}