{"cameraMode":{"drawMode":0,"name":"Shaded","section":"Shading Mode"},"sceneLighting":false,"audioPlay":false,"sceneViewState":{"showFog":false,"showMaterialUpdate":true,"showSkybox":false,"showFlares":true,"showImageEffects":true,"showParticleSystems":true},"in2DMode":false,"pivot":{"x":-2.731807231903076,"y":11.544475555419922,"z":-39.262420654296878},"rotation":{"x":0.25152021646499636,"y":-0.12222946435213089,"z":0.025401735678315164,"w":0.9605138897895813},"size":10.0,"orthographic":false}