{"cameraMode":{"drawMode":0,"name":"Shaded","section":"Shading Mode"},"sceneLighting":false,"audioPlay":false,"sceneViewState":{"showFog":false,"showMaterialUpdate":true,"showSkybox":false,"showFlares":true,"showImageEffects":true,"showParticleSystems":true},"in2DMode":false,"pivot":{"x":26.09000015258789,"y":14.209999084472657,"z":-23.809999465942384},"rotation":{"x":-0.03562856838107109,"y":0.9694693088531494,"z":-0.1804397851228714,"w":-0.1657181978225708},"size":3.774916887283325,"orthographic":false}