{"cameraMode":{"drawMode":0,"name":"Shaded","section":"Shading Mode"},"sceneLighting":true,"audioPlay":false,"sceneViewState":{"showFog":true,"showMaterialUpdate":true,"showSkybox":true,"showFlares":true,"showImageEffects":true,"showParticleSystems":true},"in2DMode":false,"pivot":{"x":43.939998626708987,"y":18.92022705078125,"z":-79.0199966430664},"rotation":{"x":0.004722676705569029,"y":0.9909221529960632,"z":-0.12417176365852356,"w":0.05843333899974823},"size":3.775067090988159,"orthographic":false}