{"cameraMode":{"drawMode":0,"name":"Shaded","section":"Shading Mode"},"sceneLighting":true,"audioPlay":false,"sceneViewState":{"showFog":false,"showMaterialUpdate":true,"showSkybox":true,"showFlares":true,"showImageEffects":true,"showParticleSystems":true},"in2DMode":false,"pivot":{"x":353.8289794921875,"y":226.00494384765626,"z":69.62174224853516},"rotation":{"x":0.03929866850376129,"y":0.009303485974669457,"z":-0.00036551262019202113,"w":0.9991893768310547},"size":250.58465576171876,"orthographic":false}