{"cameraMode":{"drawMode":0,"name":"Shaded","section":"Shading Mode"},"sceneLighting":true,"audioPlay":false,"sceneViewState":{"showFog":true,"showMaterialUpdate":true,"showSkybox":true,"showFlares":true,"showImageEffects":true,"showParticleSystems":true},"in2DMode":false,"pivot":{"x":28.789997100830079,"y":11.920000076293946,"z":-45.37000274658203},"rotation":{"x":0.2152300626039505,"y":-0.6456623077392578,"z":0.19668740034103394,"w":0.7060267925262451},"size":9.746075630187989,"orthographic":false}