{"cameraMode":{"drawMode":0,"name":"Shaded","section":"Shading Mode"},"sceneLighting":true,"audioPlay":false,"sceneViewState":{"showFog":true,"showMaterialUpdate":true,"showSkybox":true,"showFlares":true,"showImageEffects":true,"showParticleSystems":true},"in2DMode":false,"pivot":{"x":91.63493347167969,"y":-117.88041687011719,"z":92.96453857421875},"rotation":{"x":0.3958987891674042,"y":0.5066657662391663,"z":-0.2817445397377014,"w":0.7124274969100952},"size":244.0126953125,"orthographic":false}