{"cameraMode":{"drawMode":0,"name":"Shaded","section":"Shading Mode"},"sceneLighting":false,"audioPlay":false,"sceneViewState":{"showFog":true,"showMaterialUpdate":true,"showSkybox":false,"showFlares":true,"showImageEffects":true,"showParticleSystems":true},"in2DMode":false,"pivot":{"x":31.193370819091798,"y":18.106836318969728,"z":-51.215362548828128},"rotation":{"x":0.2940163016319275,"y":0.46661147475242617,"z":-0.1707848310470581,"w":0.8169088959693909},"size":1.366283655166626,"orthographic":false}