{"cameraMode":{"drawMode":0,"name":"Shaded","section":"Shading Mode"},"sceneLighting":true,"audioPlay":false,"sceneViewState":{"showFog":true,"showMaterialUpdate":false,"showSkybox":true,"showFlares":true,"showImageEffects":true,"showParticleSystems":true},"in2DMode":false,"pivot":{"x":60.200843811035159,"y":-3.4197921752929689,"z":59.950927734375},"rotation":{"x":0.28522539138793948,"y":0.5686855912208557,"z":-0.21900857985019685,"w":0.73991858959198},"size":72.54657745361328,"orthographic":false}