{"cameraMode":{"drawMode":0,"name":"Shaded","section":"Shading Mode"},"sceneLighting":false,"audioPlay":false,"sceneViewState":{"showFog":true,"showMaterialUpdate":false,"showSkybox":false,"showFlares":true,"showImageEffects":true,"showParticleSystems":true},"in2DMode":false,"pivot":{"x":0.37049776315689089,"y":-0.9404879212379456,"z":0.2806110382080078},"rotation":{"x":-0.001972147962078452,"y":0.9947459101676941,"z":-0.10212602466344834,"w":-0.017582690343260766},"size":2.1073949337005617,"orthographic":false}