{"cameraMode":{"drawMode":0,"name":"Shaded","section":"Shading Mode"},"sceneLighting":false,"audioPlay":false,"sceneViewState":{"showFog":false,"showMaterialUpdate":true,"showSkybox":false,"showFlares":true,"showImageEffects":true,"showParticleSystems":true},"in2DMode":false,"pivot":{"x":-16.15721321105957,"y":3.1765823364257814,"z":2.9936141967773439},"rotation":{"x":0.1310969591140747,"y":-0.800028920173645,"z":0.1811196506023407,"w":0.5578766465187073},"size":3.767787456512451,"orthographic":false}