{"cameraMode":{"drawMode":0,"name":"Shaded","section":"Shading Mode"},"sceneLighting":true,"audioPlay":false,"sceneViewState":{"showFog":true,"showMaterialUpdate":true,"showSkybox":true,"showFlares":true,"showImageEffects":true,"showParticleSystems":true},"in2DMode":false,"pivot":{"x":20.770429611206056,"y":6.054130554199219,"z":-81.61985778808594},"rotation":{"x":-0.15278303623199464,"y":0.02657129056751728,"z":-0.0014522937126457692,"w":-0.9882970452308655},"size":10.170575141906739,"orthographic":false}