{"cameraMode":{"drawMode":0,"name":"Shaded","section":"Shading Mode"},"sceneLighting":false,"audioPlay":false,"sceneViewState":{"showFog":false,"showMaterialUpdate":true,"showSkybox":false,"showFlares":true,"showImageEffects":true,"showParticleSystems":true},"in2DMode":false,"pivot":{"x":-7.570000171661377,"y":8.892515182495118,"z":-54.21361541748047},"rotation":{"x":0.2380663901567459,"y":0.6061241030693054,"z":-0.20349638164043427,"w":0.7319570183753967},"size":2.82842755317688,"orthographic":false}