{"cameraMode":{"drawMode":0,"name":"Shaded","section":"Shading Mode"},"sceneLighting":true,"audioPlay":false,"sceneViewState":{"showFog":true,"showMaterialUpdate":true,"showSkybox":true,"showFlares":true,"showImageEffects":true,"showParticleSystems":true},"in2DMode":false,"pivot":{"x":119.55230712890625,"y":34.9794921875,"z":365.22698974609377},"rotation":{"x":-0.2201637178659439,"y":0.6952270269393921,"z":-0.238245889544487,"w":-0.6417273879051209},"size":596.092041015625,"orthographic":false}