{"cameraMode":{"drawMode":0,"name":"Shaded","section":"Shading Mode"},"sceneLighting":false,"audioPlay":false,"sceneViewState":{"showFog":false,"showMaterialUpdate":true,"showSkybox":false,"showFlares":true,"showImageEffects":true,"showParticleSystems":true},"in2DMode":false,"pivot":{"x":26.360000610351564,"y":20.01300048828125,"z":-49.12000274658203},"rotation":{"x":0.012053019367158413,"y":0.9750297665596008,"z":-0.0774771049618721,"w":0.21055300533771516},"size":3.5387256145477297,"orthographic":false}