{"cameraMode":{"drawMode":0,"name":"Shaded","section":"Shading Mode"},"sceneLighting":true,"audioPlay":false,"sceneViewState":{"showFog":true,"showMaterialUpdate":true,"showSkybox":true,"showFlares":true,"showImageEffects":true,"showParticleSystems":true},"in2DMode":false,"pivot":{"x":28.55999755859375,"y":13.819999694824219,"z":-45.22999954223633},"rotation":{"x":-0.05273265764117241,"y":-0.04308613762259483,"z":0.002536850981414318,"w":-0.9978696703910828},"size":437.11865234375,"orthographic":false}