{"cameraMode":{"drawMode":0,"name":"Shaded","section":"Shading Mode"},"sceneLighting":false,"audioPlay":false,"sceneViewState":{"showFog":false,"showMaterialUpdate":true,"showSkybox":false,"showFlares":true,"showImageEffects":true,"showParticleSystems":true},"in2DMode":false,"pivot":{"x":396.7562561035156,"y":255.33743286132813,"z":-9.59640884399414},"rotation":{"x":0.035402700304985049,"y":0.005407831631600857,"z":-0.00018309416191186756,"w":0.9993682503700256},"size":147.85545349121095,"orthographic":false}