{"cameraMode":{"drawMode":0,"name":"Shaded","section":"Shading Mode"},"sceneLighting":true,"audioPlay":false,"sceneViewState":{"showFog":true,"showMaterialUpdate":true,"showSkybox":true,"showFlares":true,"showImageEffects":true,"showParticleSystems":true},"in2DMode":false,"pivot":{"x":27.12053871154785,"y":13.091011047363282,"z":-46.44550704956055},"rotation":{"x":-0.10524314641952515,"y":0.1854780614376068,"z":-0.01740223355591297,"w":-0.9772099852561951},"size":11.086376190185547,"orthographic":false}