{"cameraMode":{"drawMode":0,"name":"Shaded","section":"Shading Mode"},"sceneLighting":true,"audioPlay":false,"sceneViewState":{"showFog":true,"showMaterialUpdate":true,"showSkybox":true,"showFlares":true,"showImageEffects":true,"showParticleSystems":true},"in2DMode":false,"pivot":{"x":67.49962615966797,"y":0.3226776123046875,"z":100.31558227539063},"rotation":{"x":0.3764951527118683,"y":-0.5949991941452026,"z":0.36917421221733096,"w":0.6068577170372009},"size":62.98439025878906,"orthographic":false}