{"cameraMode":{"drawMode":0,"name":"Shaded","section":"Shading Mode"},"sceneLighting":false,"audioPlay":false,"sceneViewState":{"showFog":false,"showMaterialUpdate":true,"showSkybox":false,"showFlares":true,"showImageEffects":true,"showParticleSystems":true},"in2DMode":false,"pivot":{"x":-11.569999694824219,"y":16.389097213745118,"z":-46.97462463378906},"rotation":{"x":-0.03562856838107109,"y":0.9694693088531494,"z":-0.1804397851228714,"w":-0.1657181978225708},"size":3.7677865028381349,"orthographic":false}