{"cameraMode":{"drawMode":0,"name":"Shaded","section":"Shading Mode"},"sceneLighting":true,"audioPlay":false,"sceneViewState":{"showFog":true,"showMaterialUpdate":true,"showSkybox":true,"showFlares":true,"showImageEffects":true,"showParticleSystems":true},"in2DMode":false,"pivot":{"x":36.69841766357422,"y":6.312534332275391,"z":19.821170806884767},"rotation":{"x":0.222148597240448,"y":-0.6636629104614258,"z":0.21644644439220429,"w":0.6809414029121399},"size":41.026065826416019,"orthographic":false}