{"cameraMode":{"drawMode":0,"name":"Shaded","section":"Shading Mode"},"sceneLighting":true,"audioPlay":false,"sceneViewState":{"showFog":true,"showMaterialUpdate":true,"showSkybox":true,"showFlares":true,"showImageEffects":true,"showParticleSystems":true},"in2DMode":false,"pivot":{"x":111.99856567382813,"y":-129.4128875732422,"z":-22.069660186767579},"rotation":{"x":0.3958987891674042,"y":0.5066657662391663,"z":-0.2817445397377014,"w":0.7124274969100952},"size":102.88152313232422,"orthographic":false}