{"cameraMode":{"drawMode":0,"name":"Shaded","section":"Shading Mode"},"sceneLighting":true,"audioPlay":false,"sceneViewState":{"showFog":false,"showMaterialUpdate":true,"showSkybox":true,"showFlares":true,"showImageEffects":true,"showParticleSystems":true},"in2DMode":false,"pivot":{"x":68.9676513671875,"y":2.41925048828125,"z":77.91411590576172},"rotation":{"x":-0.5027408599853516,"y":0.5046470165252686,"z":-0.4882547855377197,"w":-0.505635142326355},"size":75.61274719238281,"orthographic":false}