{"cameraMode":{"drawMode":0,"name":"Shaded","section":"Shading Mode"},"sceneLighting":false,"audioPlay":false,"sceneViewState":{"showFog":false,"showMaterialUpdate":true,"showSkybox":false,"showFlares":true,"showImageEffects":true,"showParticleSystems":true},"in2DMode":false,"pivot":{"x":373.96759033203127,"y":233.96163940429688,"z":8.412738800048829},"rotation":{"x":-0.03570163622498512,"y":0.004794091917574406,"z":-0.00017132397624664009,"w":-0.9993516206741333},"size":131.800048828125,"orthographic":false}