{"cameraMode":{"drawMode":0,"name":"Shaded","section":"Shading Mode"},"sceneLighting":true,"audioPlay":false,"sceneViewState":{"showFog":true,"showMaterialUpdate":true,"showSkybox":true,"showFlares":true,"showImageEffects":true,"showParticleSystems":true},"in2DMode":false,"pivot":{"x":67.49962615966797,"y":0.3226776123046875,"z":100.31558227539063},"rotation":{"x":0.1605452448129654,"y":-0.6432864665985107,"z":0.1402757316827774,"w":0.7355743646621704},"size":65.84188079833985,"orthographic":false}