{"cameraMode":{"drawMode":0,"name":"Shaded","section":"Shading Mode"},"sceneLighting":true,"audioPlay":false,"sceneViewState":{"showFog":true,"showMaterialUpdate":true,"showSkybox":true,"showFlares":true,"showImageEffects":true,"showParticleSystems":true},"in2DMode":false,"pivot":{"x":43.939998626708987,"y":18.92022705078125,"z":-79.0199966430664},"rotation":{"x":-0.02635425701737404,"y":0.9732713103294373,"z":-0.19800451397895814,"w":-0.11673438549041748},"size":3.77506685256958,"orthographic":false}