{"cameraMode":{"drawMode":0,"name":"Shaded","section":"Shading Mode"},"sceneLighting":false,"audioPlay":false,"sceneViewState":{"showFog":false,"showMaterialUpdate":true,"showSkybox":false,"showFlares":true,"showImageEffects":true,"showParticleSystems":true},"in2DMode":false,"pivot":{"x":369.55023193359377,"y":208.0411376953125,"z":0.0},"rotation":{"x":0.055778201669454578,"y":0.01079368032515049,"z":-0.0006030439981259406,"w":0.9983885884284973},"size":205.34506225585938,"orthographic":false}