{"cameraMode":{"drawMode":0,"name":"Shaded","section":"Shading Mode"},"sceneLighting":false,"audioPlay":false,"sceneViewState":{"showFog":true,"showMaterialUpdate":true,"showSkybox":false,"showFlares":true,"showImageEffects":true,"showParticleSystems":true},"in2DMode":false,"pivot":{"x":32.119998931884769,"y":18.92022705078125,"z":-47.779998779296878},"rotation":{"x":-0.032573550939559939,"y":0.9573338627815247,"z":-0.2677716612815857,"w":-0.10741822421550751},"size":4.07506799697876,"orthographic":false}