{"cameraMode":{"drawMode":0,"name":"Shaded","section":"Shading Mode"},"sceneLighting":true,"audioPlay":false,"sceneViewState":{"showFog":true,"showMaterialUpdate":true,"showSkybox":true,"showFlares":true,"showImageEffects":true,"showParticleSystems":true},"in2DMode":false,"pivot":{"x":527.597412109375,"y":7.313957214355469,"z":596.4366455078125},"rotation":{"x":-0.05273265764117241,"y":-0.04308613762259483,"z":0.002536850981414318,"w":-0.9978696703910828},"size":579.4134521484375,"orthographic":false}