{"cameraMode":{"drawMode":0,"name":"Shaded","section":"Shading Mode"},"sceneLighting":false,"audioPlay":false,"sceneViewState":{"showFog":true,"showMaterialUpdate":false,"showSkybox":false,"showFlares":true,"showImageEffects":true,"showParticleSystems":true},"in2DMode":false,"pivot":{"x":76.99223327636719,"y":-48.2880744934082,"z":58.59855651855469},"rotation":{"x":0.3956516683101654,"y":0.5347219705581665,"z":-0.3115798234939575,"w":0.6787205338478088},"size":16.22852897644043,"orthographic":false}