{"cameraMode":{"drawMode":0,"name":"Shaded","section":"Shading Mode"},"sceneLighting":true,"audioPlay":false,"sceneViewState":{"showFog":true,"showMaterialUpdate":true,"showSkybox":true,"showFlares":true,"showImageEffects":true,"showParticleSystems":true},"in2DMode":false,"pivot":{"x":43.935997009277347,"y":17.792526245117189,"z":-78.45199584960938},"rotation":{"x":-0.02635425701737404,"y":0.9732713103294373,"z":-0.19800451397895814,"w":-0.11673438549041748},"size":18.048198699951173,"orthographic":false}