{"cameraMode":{"drawMode":0,"name":"Shaded","section":"Shading Mode"},"sceneLighting":false,"audioPlay":false,"sceneViewState":{"showFog":false,"showMaterialUpdate":true,"showSkybox":false,"showFlares":true,"showImageEffects":true,"showParticleSystems":true},"in2DMode":false,"pivot":{"x":4.76837158203125e-7,"y":1.2989370822906495,"z":-4.76837158203125e-7},"rotation":{"x":0.012381356209516526,"y":0.9594138860702515,"z":-0.059200264513492587,"w":0.2775428891181946},"size":2.7733805179595949,"orthographic":false}